Date,HomeTeam,AwayTeam,FTHG,FTAG,FTR
06/10/2022,West Ham,Crystal Palace,2,0,H
25/08/2022,Manchester City,West Ham,0,3,A
07/03/2023,Leicester,Everton,1,1,D
16/08/2022,Norwich,Watford,0,4,A
18/04/2023,Brighton,Leicester,4,4,D
21/04/2023,Brentford,Watford,3,0,H
31/01/2023,Liverpool,Brighton,5,1,H
04/04/2023,Leeds,Liverpool,2,4,A
13/01/2023,Manchester City,West Ham,4,4,D
08/05/2023,Wolves,Everton,4,2,H
19/02/2023,Manchester City,Chelsea,1,2,A
03/12/2022,Manchester United,Tottenham,0,0,D
18/03/2023,Burnley,Crystal Palace,5,3,H
02/01/2023,Liverpool,Burnley,4,0,H
15/04/2023,Brighton,Crystal Palace,1,0,H
02/09/2022,Leicester,Manchester United,4,2,H
03/08/2022,Everton,Brighton,0,4,A
27/10/2022,Manchester United,Wolves,3,2,H
21/01/2023,Aston Villa,Liverpool,0,1,A
28/08/2022,Tottenham,Leicester,0,2,A
03/04/2023,Aston Villa,Crystal Palace,2,0,H
16/01/2023,Tottenham,Norwich,0,5,A
08/12/2022,Leeds,Brentford,2,3,A
21/04/2023,Watford,Southampton,2,1,H
04/08/2022,Aston Villa,Liverpool,5,2,H
07/02/2023,Liverpool,Crystal Palace,3,3,D
26/04/2023,Watford,Arsenal,3,0,H
05/02/2023,Leeds,Arsenal,2,0,H
19/02/2023,Manchester United,Tottenham,4,3,H
10/04/2023,Brighton,Arsenal,2,5,A
02/10/2022,West Ham,Crystal Palace,4,5,A
06/04/2023,Tottenham,Watford,0,5,A
08/03/2023,Newcastle,Brighton,3,0,H
09/09/2022,Chelsea,Leicester,5,1,H
24/10/2022,Chelsea,Liverpool,2,2,D
30/08/2022,Brentford,Watford,1,1,D
08/12/2022,Southampton,Arsenal,1,2,A
15/10/2022,Newcastle,Crystal Palace,2,0,H
03/01/2023,Brighton,Chelsea,0,0,D
16/01/2023,Brentford,Norwich,4,1,H
23/09/2022,Norwich,Tottenham,4,2,H
06/12/2022,Arsenal,Crystal Palace,0,0,D
09/02/2023,Arsenal,Leeds,1,4,A
19/08/2022,Brentford,Norwich,3,3,D
10/08/2022,West Ham,Brighton,0,2,A
04/04/2023,Brentford,Wolves,4,0,H
16/03/2023,West Ham,Leeds,1,1,D
02/12/2022,Chelsea,Arsenal,0,2,A
08/08/2022,Norwich,Everton,4,2,H
10/04/2023,Manchester United,Brighton,1,2,A
04/12/2022,Leeds,Burnley,1,3,A
21/12/2022,Aston Villa,Southampton,5,4,H
06/03/2023,West Ham,Manchester City,3,0,H
13/01/2023,Crystal Palace,Wolves,1,2,A
28/12/2022,Newcastle,Everton,3,1,H
28/05/2023,Everton,Manchester City,3,4,A
19/09/2022,Newcastle,Manchester City,1,1,D
24/12/2022,Newcastle,Brentford,4,5,A
24/12/2022,Aston Villa,Wolves,3,1,H
21/12/2022,Chelsea,Brentford,4,1,H
21/11/2022,Crystal Palace,Wolves,1,5,A
14/08/2022,Chelsea,Brentford,1,4,A
10/04/2023,Aston Villa,Leeds,5,0,H
28/02/2023,Manchester United,Burnley,5,5,D
30/11/2022,Brighton,Tottenham,4,0,H
18/04/2023,Newcastle,West Ham,2,3,A
12/01/2023,Norwich,Southampton,2,5,A
17/08/2022,Burnley,Crystal Palace,3,0,H
23/12/2022,Crystal Palace,Chelsea,0,3,A
15/08/2022,Aston Villa,West Ham,0,1,A
29/10/2022,Crystal Palace,Southampton,3,2,H
05/04/2023,Leeds,Leicester,5,5,D
22/08/2022,West Ham,Aston Villa,0,5,A
19/04/2023,West Ham,Liverpool,5,0,H
20/10/2022,Manchester United,Liverpool,3,5,A
01/08/2022,Crystal Palace,Watford,2,1,H
27/05/2023,Manchester United,Brentford,4,1,H
11/03/2023,Southampton,Brighton,3,2,H
06/12/2022,Newcastle,Brighton,5,0,H
20/05/2023,Arsenal,Wolves,3,0,H
08/12/2022,Aston Villa,Crystal Palace,0,4,A
09/05/2023,Liverpool,Leeds,5,5,D
04/09/2022,Crystal Palace,Arsenal,2,2,D
11/02/2023,Liverpool,Everton,4,0,H
19/09/2022,Arsenal,Wolves,4,3,H
06/10/2022,Newcastle,Leeds,4,1,H
14/12/2022,Watford,Chelsea,0,1,A
25/12/2022,Burnley,Southampton,0,0,D
03/09/2022,Brentford,Newcastle,5,0,H
10/10/2022,Everton,Burnley,1,1,D
08/12/2022,Southampton,Chelsea,2,4,A
20/08/2022,Manchester City,Tottenham,1,1,D
02/04/2023,Liverpool,Norwich,3,0,H
07/04/2023,Newcastle,Burnley,3,4,A
01/08/2022,Manchester United,Arsenal,3,2,H
06/05/2023,Crystal Palace,Arsenal,0,1,A
16/12/2022,Liverpool,Aston Villa,5,0,H
14/08/2022,Chelsea,Southampton,3,1,H
26/12/2022,Leeds,Manchester City,3,2,H
19/11/2022,Wolves,Liverpool,5,5,D
29/11/2022,Aston Villa,Leicester,3,0,H
28/05/2023,Manchester City,Chelsea,5,2,H
28/02/2023,Chelsea,Brentford,0,4,A
24/08/2022,Newcastle,Watford,1,5,A
19/09/2022,Arsenal,Newcastle,2,5,A
18/12/2022,Chelsea,Brighton,3,2,H
15/10/2022,Crystal Palace,Manchester City,2,1,H
28/12/2022,Tottenham,Chelsea,5,0,H
20/10/2022,Tottenham,Everton,4,2,H
18/03/2023,Manchester United,Aston Villa,3,0,H
20/12/2022,Southampton,Brighton,3,3,D
03/09/2022,Tottenham,Leicester,2,4,A
18/09/2022,Manchester United,Southampton,3,0,H
23/11/2022,Leicester,Arsenal,1,4,A
15/03/2023,Southampton,Aston Villa,4,5,A
11/10/2022,Norwich,West Ham,1,4,A
30/04/2023,Tottenham,Burnley,3,5,A
24/10/2022,Everton,Wolves,3,2,H
29/11/2022,Southampton,Newcastle,2,4,A
20/09/2022,Wolves,West Ham,4,3,H
20/03/2023,Crystal Palace,Manchester City,3,3,D
01/03/2023,Aston Villa,Wolves,5,3,H
23/08/2022,Everton,Crystal Palace,2,5,A
24/08/2022,Tottenham,Burnley,5,4,H
26/12/2022,Southampton,Arsenal,4,1,H
26/10/2022,Brighton,Chelsea,5,5,D
20/04/2023,Brentford,Norwich,0,1,A
30/04/2023,Crystal Palace,Newcastle,0,5,A
22/01/2023,Watford,Norwich,3,4,A
09/12/2022,Aston Villa,West Ham,3,4,A
29/12/2022,West Ham,Crystal Palace,2,2,D
05/02/2023,Leicester,Aston Villa,0,5,A
08/03/2023,Norwich,Brighton,1,2,A
08/05/2023,Watford,Aston Villa,1,2,A
16/05/2023,Brighton,Aston Villa,0,1,A
31/10/2022,Brighton,Leeds,0,2,A
24/12/2022,Manchester City,Newcastle,0,3,A
13/03/2023,Everton,Burnley,4,2,H
19/03/2023,Brentford,Burnley,5,2,H
26/03/2023,Wolves,Southampton,0,1,A
17/10/2022,Brentford,Leicester,3,0,H
04/12/2022,West Ham,Leeds,1,0,H
27/09/2022,Brighton,Watford,4,0,H
20/11/2022,Watford,Crystal Palace,1,2,A
28/12/2022,Newcastle,Tottenham,4,0,H
13/03/2023,Wolves,Watford,2,0,H
18/10/2022,Burnley,Manchester City,2,4,A
03/08/2022,Wolves,Everton,1,2,A
15/04/2023,West Ham,Crystal Palace,0,3,A
04/05/2023,Aston Villa,West Ham,1,5,A
17/02/2023,West Ham,Arsenal,0,2,A
28/11/2022,Chelsea,Watford,1,0,H
18/02/2023,Crystal Palace,Brentford,5,0,H
24/12/2022,Arsenal,Norwich,5,0,H
19/01/2023,West Ham,Aston Villa,1,1,D
31/10/2022,Manchester United,Tottenham,2,1,H
26/11/2022,Chelsea,Brighton,1,2,A
16/10/2022,Manchester United,West Ham,1,2,A
18/10/2022,Watford,Tottenham,1,0,H
24/02/2023,West Ham,Manchester United,0,4,A
06/04/2023,Southampton,Tottenham,2,5,A
22/12/2022,Manchester City,Aston Villa,1,3,A
27/11/2022,Arsenal,Liverpool,0,3,A
03/12/2022,Arsenal,Southampton,2,4,A
03/10/2022,Arsenal,Newcastle,3,2,H
07/11/2022,Norwich,Manchester City,5,1,H
05/05/2023,Wolves,Aston Villa,0,1,A
14/09/2022,Manchester United,Wolves,2,2,D
13/09/2022,Leeds,Brentford,4,0,H
04/01/2023,Wolves,Brighton,4,4,D
23/02/2023,Brentford,Chelsea,5,3,H
02/03/2023,Newcastle,Burnley,3,5,A
25/01/2023,Southampton,Manchester City,4,5,A
03/04/2023,Crystal Palace,Chelsea,1,2,A
01/10/2022,West Ham,Arsenal,3,4,A
02/03/2023,Wolves,Newcastle,2,2,D
03/04/2023,Southampton,Manchester United,5,2,H
11/11/2022,Watford,Aston Villa,3,1,H
19/08/2022,Southampton,Tottenham,1,1,D
06/01/2023,Leeds,Everton,2,4,A
28/10/2022,Southampton,Everton,4,3,H
15/03/2023,Aston Villa,Manchester United,2,5,A
29/11/2022,Watford,Southampton,5,5,D
27/10/2022,Watford,Southampton,5,0,H
18/03/2023,Aston Villa,Brighton,3,5,A
20/11/2022,Watford,Wolves,1,2,A
27/11/2022,Newcastle,West Ham,3,0,H
24/02/2023,Manchester United,Newcastle,3,3,D
17/09/2022,Norwich,Brentford,2,5,A
01/12/2022,Arsenal,Tottenham,2,1,H
24/09/2022,Brentford,Crystal Palace,4,4,D
24/10/2022,Chelsea,Brentford,5,4,H
15/02/2023,Liverpool,Arsenal,5,3,H
21/03/2023,Wolves,Norwich,5,4,H
30/09/2022,Burnley,West Ham,5,1,H
14/02/2023,West Ham,Crystal Palace,2,0,H
08/01/2023,Southampton,Brentford,4,0,H
11/02/2023,Burnley,Crystal Palace,1,5,A
26/01/2023,Leeds,Chelsea,1,4,A
02/09/2022,Chelsea,Crystal Palace,4,1,H
04/04/2023,Chelsea,Aston Villa,5,0,H
29/01/2023,Liverpool,Burnley,4,0,H
13/03/2023,Brighton,Watford,2,1,H
11/02/2023,Liverpool,Leeds,0,2,A
05/05/2023,Newcastle,Manchester United,3,4,A
25/05/2023,Crystal Palace,Manchester United,3,4,A
14/04/2023,Newcastle,Tottenham,2,4,A
08/11/2022,Aston Villa,Brentford,4,2,H
02/10/2022,West Ham,Brighton,4,0,H
30/04/2023,Wolves,Tottenham,2,1,H
04/08/2022,Brentford,Wolves,4,1,H
05/01/2023,Burnley,Brighton,3,2,H
22/11/2022,Chelsea,Manchester United,4,1,H
12/10/2022,West Ham,Leicester,5,4,H
23/03/2023,Brentford,Everton,3,5,A
17/02/2023,Crystal Palace,Brighton,2,3,A
18/12/2022,Southampton,Watford,0,2,A
12/11/2022,Brighton,Leeds,2,0,H
09/11/2022,Arsenal,Manchester City,5,3,H
07/12/2022,Manchester United,Wolves,3,3,D
27/04/2023,Arsenal,Watford,4,3,H
06/03/2023,Watford,Chelsea,5,2,H
12/01/2023,Manchester United,Chelsea,0,2,A
20/02/2023,Burnley,Southampton,2,4,A
18/01/2023,West Ham,Arsenal,4,3,H
19/08/2022,Tottenham,Norwich,1,4,A
16/09/2022,Manchester City,Crystal Palace,1,5,A
14/12/2022,Crystal Palace,Brentford,3,0,H
08/04/2023,Arsenal,Liverpool,4,3,H
06/05/2023,Aston Villa,Norwich,2,0,H
26/08/2022,Brighton,Southampton,3,0,H
12/05/2023,Manchester United,Arsenal,2,0,H
19/03/2023,Liverpool,Brighton,3,4,A
13/05/2023,Watford,Norwich,5,0,H
09/04/2023,West Ham,Liverpool,1,4,A
19/08/2022,Manchester City,Aston Villa,0,0,D
31/01/2023,Wolves,Norwich,0,0,D
18/08/2022,Crystal Palace,Brentford,5,3,H
24/12/2022,Everton,Liverpool,4,3,H
17/08/2022,Manchester United,Leeds,0,1,A
28/08/2022,Manchester United,Watford,0,1,A
05/05/2023,Leeds,Watford,0,1,A
14/09/2022,Brentford,Crystal Palace,5,0,H
18/05/2023,Crystal Palace,Chelsea,5,0,H
12/03/2023,Crystal Palace,Norwich,4,1,H
21/08/2022,Manchester City,Aston Villa,0,2,A
19/05/2023,Tottenham,Brighton,2,5,A
29/12/2022,Chelsea,Norwich,0,5,A
11/08/2022,Aston Villa,West Ham,2,2,D
02/03/2023,Brentford,Arsenal,3,4,A
27/09/2022,Tottenham,Watford,5,1,H
19/12/2022,Newcastle,Tottenham,0,5,A
18/01/2023,Manchester United,Wolves,4,1,H
07/08/2022,Manchester United,West Ham,0,5,A
21/05/2023,Leeds,Aston Villa,0,4,A
07/08/2022,Tottenham,Brighton,2,4,A
23/10/2022,Newcastle,Liverpool,3,0,H
28/09/2022,Manchester United,Aston Villa,0,2,A
02/11/2022,Southampton,Wolves,5,4,H
16/01/2023,Crystal Palace,Liverpool,3,0,H
17/11/2022,Newcastle,Crystal Palace,1,1,D
18/03/2023,Southampton,Crystal Palace,1,1,D
05/03/2023,Watford,West Ham,3,4,A
07/12/2022,West Ham,Wolves,3,0,H
14/03/2023,Norwich,Everton,3,0,H
31/12/2022,Brighton,Brentford,1,3,A
19/05/2023,Leeds,Leicester,4,2,H
13/10/2022,Chelsea,Brighton,1,2,A
04/10/2022,Tottenham,Wolves,2,4,A
23/12/2022,Aston Villa,Burnley,5,0,H
19/03/2023,Brighton,Leicester,5,2,H
13/12/2022,Tottenham,Norwich,5,2,H
26/05/2023,Liverpool,Aston Villa,4,4,D
05/05/2023,Norwich,Chelsea,0,2,A
18/11/2022,Manchester United,West Ham,2,0,H
04/08/2022,Crystal Palace,Tottenham,4,4,D
07/11/2022,Brighton,Aston Villa,1,4,A
14/09/2022,Everton,Southampton,4,3,H
20/10/2022,Newcastle,Brighton,5,4,H
24/09/2022,Burnley,Crystal Palace,2,0,H
21/12/2022,Burnley,Leicester,5,0,H
02/02/2023,Chelsea,Brighton,4,2,H
08/12/2022,Tottenham,Leicester,3,0,H
13/12/2022,Leicester,Everton,3,5,A
19/02/2023,West Ham,Leeds,4,4,D
15/04/2023,Brighton,Tottenham,4,4,D
21/10/2022,Newcastle,Wolves,1,5,A
10/08/2022,Arsenal,Wolves,1,5,A
23/08/2022,Burnley,Watford,0,3,A
10/09/2022,Watford,Southampton,3,2,H
06/01/2023,Leeds,Liverpool,4,5,A
14/12/2022,Manchester City,Wolves,2,4,A
28/09/2022,Manchester United,Brighton,5,2,H
13/11/2022,Wolves,Manchester City,0,0,D
30/10/2022,Burnley,Aston Villa,4,3,H
30/12/2022,Southampton,Crystal Palace,2,3,A
24/10/2022,Leicester,Chelsea,5,1,H
09/11/2022,Southampton,Arsenal,0,1,A
07/12/2022,Arsenal,Leeds,2,5,A
30/01/2023,Aston Villa,Leicester,2,4,A
08/04/2023,Manchester United,Brighton,2,3,A
10/09/2022,Burnley,Wolves,0,3,A
26/04/2023,Leicester,Aston Villa,0,2,A
14/03/2023,Leicester,Crystal Palace,5,1,H
05/05/2023,Watford,Brighton,5,5,D
07/10/2022,Liverpool,Brentford,3,1,H
20/05/2023,Liverpool,Manchester City,2,2,D
27/03/2023,Tottenham,Brighton,0,3,A
08/12/2022,Manchester City,Arsenal,4,5,A
26/03/2023,Leicester,Wolves,5,1,H
27/02/2023,Brentford,Arsenal,1,0,H
08/11/2022,Manchester United,Tottenham,5,5,D
17/05/2023,West Ham,Brighton,1,1,D
10/03/2023,Chelsea,Arsenal,4,2,H
27/01/2023,Newcastle,Leicester,2,4,A
15/05/2023,Tottenham,Brentford,1,3,A
29/08/2022,Arsenal,Crystal Palace,4,0,H
14/11/2022,Crystal Palace,Tottenham,1,5,A
25/12/2022,Leeds,Leicester,0,3,A
19/02/2023,Leicester,Watford,4,1,H
01/09/2022,Brentford,Watford,4,0,H
17/10/2022,Watford,Leeds,2,4,A
22/11/2022,Southampton,Watford,0,2,A
11/03/2023,Manchester City,Wolves,3,3,D
22/11/2022,Watford,Crystal Palace,5,2,H
01/11/2022,Aston Villa,Wolves,5,5,D
09/11/2022,Leicester,West Ham,3,3,D
15/11/2022,Southampton,Aston Villa,1,1,D
02/11/2022,Chelsea,Liverpool,5,1,H
18/11/2022,Aston Villa,Manchester United,4,4,D
31/10/2022,Tottenham,Arsenal,4,2,H
01/09/2022,Manchester United,Newcastle,5,5,D
18/08/2022,Newcastle,Aston Villa,1,2,A
11/12/2022,Norwich,Leicester,0,2,A
31/12/2022,Leeds,Everton,5,0,H
01/11/2022,Norwich,Newcastle,3,5,A
15/08/2022,Brighton,Aston Villa,0,4,A
01/12/2022,Watford,Tottenham,2,5,A
22/12/2022,Manchester City,Newcastle,3,0,H
03/11/2022,Tottenham,Liverpool,4,4,D
22/11/2022,Watford,Brighton,3,5,A
03/10/2022,Leeds,Brighton,2,4,A
13/02/2023,Watford,Chelsea,5,2,H
29/12/2022,Wolves,Brighton,4,1,H
30/12/2022,Southampton,Brighton,5,1,H
13/04/2023,Manchester United,Liverpool,2,2,D
25/02/2023,Aston Villa,Brentford,1,5,A
02/10/2022,Liverpool,Wolves,2,0,H
26/11/2022,Tottenham,Brighton,3,4,A
10/04/2023,Norwich,Arsenal,1,3,A
23/05/2023,Southampton,Wolves,5,1,H
24/09/2022,Leeds,Brentford,3,4,A
24/10/2022,Manchester United,Norwich,0,0,D
10/02/2023,West Ham,Everton,1,4,A
01/05/2023,Manchester City,West Ham,4,5,A
19/05/2023,Watford,Aston Villa,4,5,A
07/05/2023,Arsenal,Chelsea,0,1,A
23/05/2023,Leeds,Aston Villa,0,3,A
03/04/2023,Brentford,Leicester,0,0,D
25/04/2023,Brighton,Manchester United,4,3,H
01/03/2023,Wolves,Manchester City,2,2,D
31/08/2022,Wolves,West Ham,1,2,A
14/11/2022,Burnley,Arsenal,0,3,A
15/08/2022,Chelsea,Manchester City,5,3,H
06/02/2023,Crystal Palace,West Ham,3,4,A
21/03/2023,Leeds,Chelsea,3,3,D
27/10/2022,Tottenham,Watford,5,1,H
06/03/2023,Tottenham,Watford,4,5,A
15/03/2023,Wolves,Arsenal,2,0,H
29/03/2023,Manchester United,Crystal Palace,2,3,A
21/02/2023,West Ham,Wolves,5,0,H
13/08/2022,Chelsea,Leicester,3,0,H
12/01/2023,Norwich,Southampton,2,2,D
09/10/2022,Watford,Southampton,5,0,H
08/03/2023,Tottenham,Norwich,4,4,D
14/01/2023,Arsenal,Manchester United,1,2,A
30/09/2022,Liverpool,Leeds,0,1,A
14/09/2022,West Ham,Wolves,1,1,D
28/04/2023,Watford,Leeds,0,5,A
24/03/2023,Watford,West Ham,5,3,H
29/10/2022,Liverpool,Newcastle,0,2,A
31/10/2022,Crystal Palace,Brentford,2,5,A
09/11/2022,Liverpool,Manchester City,5,5,D
03/11/2022,Everton,Leeds,2,3,A
24/02/2023,Southampton,Brighton,3,5,A
22/02/2023,Southampton,Leeds,1,2,A
07/09/2022,Everton,Newcastle,4,5,A
16/09/2022,Wolves,West Ham,2,3,A
28/04/2023,Liverpool,Crystal Palace,3,4,A
14/11/2022,Liverpool,Norwich,1,4,A
15/10/2022,Everton,Chelsea,5,4,H
05/02/2023,Arsenal,Watford,4,4,D
04/10/2022,Manchester United,West Ham,5,1,H
05/11/2022,Arsenal,West Ham,5,5,D
28/11/2022,Liverpool,West Ham,5,1,H
13/05/2023,Southampton,Newcastle,1,0,H
21/03/2023,Norwich,Leeds,1,3,A
11/04/2023,Aston Villa,Manchester United,4,5,A
02/09/2022,Brentford,Brighton,4,0,H
19/11/2022,Brentford,Arsenal,4,1,H
08/09/2022,Brighton,Chelsea,0,1,A
23/05/2023,Burnley,Crystal Palace,5,4,H
29/04/2023,Everton,Leicester,2,0,H
12/11/2022,Chelsea,Southampton,1,2,A
06/11/2022,Newcastle,Watford,3,3,D
12/09/2022,Brighton,Wolves,5,3,H
20/08/2022,Brentford,Tottenham,2,0,H
26/08/2022,Brentford,Newcastle,3,3,D
22/12/2022,Burnley,Manchester United,4,0,H
06/11/2022,Leeds,Brighton,1,0,H
26/03/2023,Manchester United,Chelsea,2,5,A
12/04/2023,Arsenal,Brighton,5,4,H
10/05/2023,Tottenham,Chelsea,4,0,H
25/02/2023,Manchester United,Everton,3,4,A
15/12/2022,Crystal Palace,Manchester United,4,1,H
26/12/2022,Liverpool,Tottenham,1,4,A
14/04/2023,West Ham,Norwich,1,0,H
19/11/2022,Leeds,Southampton,2,1,H
07/05/2023,Brighton,Leicester,5,2,H
04/05/2023,Leicester,Wolves,1,5,A
23/02/2023,Arsenal,Southampton,1,4,A
15/03/2023,Leicester,Wolves,0,3,A
18/04/2023,Crystal Palace,Tottenham,0,2,A
09/08/2022,Arsenal,Burnley,4,1,H
26/02/2023,Chelsea,Arsenal,0,0,D
09/08/2022,Brentford,Wolves,5,0,H
13/10/2022,Arsenal,Tottenham,4,4,D
27/09/2022,Manchester City,Norwich,0,0,D
04/10/2022,Arsenal,West Ham,1,0,H
10/08/2022,Brentford,Arsenal,3,0,H
24/05/2023,Leeds,Brentford,1,3,A
09/12/2022,Norwich,Leeds,0,5,A
15/04/2023,Manchester City,Arsenal,3,0,H
10/12/2022,Wolves,Norwich,5,4,H
14/11/2022,Southampton,Burnley,3,3,D
23/02/2023,Chelsea,Brighton,0,3,A
20/12/2022,Southampton,Manchester United,5,0,H
30/10/2022,Manchester City,Crystal Palace,4,0,H
18/02/2023,Leicester,Wolves,5,0,H
06/03/2023,Leeds,Brighton,3,0,H
18/10/2022,Southampton,Brentford,0,4,A
15/03/2023,Crystal Palace,Leeds,5,5,D
26/01/2023,Watford,Manchester City,2,3,A
10/09/2022,Leicester,Norwich,0,3,A
20/04/2023,Brentford,Southampton,4,3,H
21/08/2022,Chelsea,Southampton,3,5,A
07/03/2023,Aston Villa,Chelsea,5,3,H
04/11/2022,Leicester,Southampton,1,4,A
15/08/2022,Leicester,Chelsea,0,1,A
18/10/2022,Leicester,Watford,3,3,D
29/08/2022,Southampton,Arsenal,0,0,D
11/01/2023,Norwich,Aston Villa,3,2,H
24/05/2023,Tottenham,Manchester City,5,2,H
28/12/2022,Leicester,West Ham,3,2,H
29/09/2022,Southampton,Liverpool,4,4,D
18/11/2022,Newcastle,Chelsea,0,2,A
21/04/2023,Tottenham,Chelsea,4,0,H
26/12/2022,Brentford,West Ham,1,0,H
27/10/2022,Arsenal,Brentford,5,4,H
20/10/2022,Manchester City,Wolves,4,5,A
17/08/2022,Newcastle,Brighton,0,5,A
15/08/2022,Brighton,Brentford,1,5,A
17/12/2022,West Ham,Liverpool,4,1,H
01/12/2022,Wolves,Norwich,3,4,A
26/04/2023,Arsenal,Everton,2,1,H
19/12/2022,Southampton,Manchester United,4,5,A
05/05/2023,Manchester United,Wolves,1,2,A
30/03/2023,Wolves,Tottenham,1,5,A
31/03/2023,Manchester City,Wolves,0,3,A
30/11/2022,Norwich,Burnley,2,3,A
12/05/2023,Wolves,West Ham,1,4,A
17/02/2023,Chelsea,Brentford,5,5,D
01/05/2023,Southampton,Brentford,3,2,H
19/02/2023,Everton,Newcastle,2,2,D
29/09/2022,Leicester,Burnley,0,2,A
11/12/2022,Wolves,Manchester City,4,0,H
11/02/2023,Southampton,Liverpool,5,4,H
02/09/2022,Manchester United,Arsenal,1,4,A
19/11/2022,Crystal Palace,Newcastle,1,5,A
07/12/2022,Newcastle,West Ham,2,5,A
16/02/2023,Newcastle,Burnley,4,5,A
04/09/2022,Everton,Liverpool,1,2,A
19/02/2023,Arsenal,Chelsea,1,0,H
13/03/2023,Southampton,Tottenham,5,5,D
11/12/2022,Norwich,Burnley,1,1,D
25/04/2023,Brighton,Burnley,3,3,D
09/02/2023,Arsenal,Leeds,3,2,H
26/03/2023,Newcastle,Everton,2,4,A
04/12/2022,Aston Villa,Tottenham,2,5,A
21/02/2023,Tottenham,Leicester,1,1,D
23/12/2022,Southampton,Leeds,1,1,D
02/09/2022,Burnley,Brentford,2,5,A
12/10/2022,West Ham,Arsenal,5,5,D
08/01/2023,Arsenal,Manchester United,1,3,A
27/03/2023,Everton,Brighton,1,3,A
13/12/2022,Manchester United,Southampton,3,2,H
09/09/2022,Tottenham,Arsenal,0,5,A
08/04/2023,Aston Villa,Leicester,5,0,H
31/03/2023,Aston Villa,Brighton,1,2,A
11/01/2023,Watford,West Ham,2,4,A
30/12/2022,Brentford,Aston Villa,5,4,H
21/01/2023,Leicester,Wolves,1,4,A
12/08/2022,Crystal Palace,Leeds,2,3,A
14/12/2022,Chelsea,Brentford,2,0,H
20/11/2022,Crystal Palace,Leicester,1,2,A
20/12/2022,Liverpool,Norwich,3,1,H
07/08/2022,Everton,Newcastle,2,5,A
16/08/2022,Manchester United,Leicester,1,1,D
16/09/2022,Wolves,Watford,4,0,H
09/09/2022,Burnley,Norwich,2,5,A
03/02/2023,Crystal Palace,Aston Villa,0,1,A
28/11/2022,Norwich,Leeds,2,0,H
17/01/2023,Burnley,Everton,5,3,H
12/04/2023,Watford,Manchester City,2,5,A
30/09/2022,Brentford,Newcastle,1,0,H
31/03/2023,West Ham,Manchester United,1,0,H
25/10/2022,Brentford,Chelsea,3,2,H
21/10/2022,Chelsea,Wolves,0,4,A
22/01/2023,Leicester,Leeds,2,3,A
31/10/2022,Brighton,Manchester City,2,4,A
18/01/2023,Tottenham,Aston Villa,4,5,A
11/02/2023,Manchester City,Leeds,0,5,A
08/11/2022,Tottenham,Brighton,4,3,H
12/01/2023,Everton,Newcastle,4,2,H
04/11/2022,Burnley,Chelsea,5,2,H
27/04/2023,West Ham,Liverpool,2,5,A
06/11/2022,Brighton,Arsenal,5,5,D
10/09/2022,Tottenham,Wolves,2,5,A
10/11/2022,Manchester City,Burnley,1,4,A
12/04/2023,Norwich,Brentford,4,5,A
11/04/2023,Manchester United,Brighton,2,4,A
06/08/2022,Southampton,Crystal Palace,4,3,H
03/08/2022,Norwich,Chelsea,0,1,A
22/09/2022,Watford,Crystal Palace,3,0,H
08/10/2022,Arsenal,Tottenham,4,4,D
07/04/2023,Leeds,Arsenal,4,3,H
24/04/2023,Chelsea,Liverpool,2,3,A
29/04/2023,Leeds,Manchester United,1,4,A
05/01/2023,Norwich,West Ham,1,4,A
15/04/2023,Aston Villa,Southampton,2,2,D
03/11/2022,West Ham,Everton,3,1,H
03/10/2022,Burnley,Leeds,0,1,A
19/09/2022,Everton,Leicester,2,0,H
10/04/2023,Brighton,Watford,3,5,A
31/08/2022,Wolves,Southampton,4,1,H
02/12/2022,Everton,Tottenham,0,5,A
15/01/2023,Liverpool,Leicester,4,3,H
21/12/2022,Aston Villa,Watford,1,0,H
17/03/2023,Brentford,Southampton,4,0,H
24/11/2022,Aston Villa,Manchester United,5,5,D
03/12/2022,Leicester,Watford,4,4,D
05/04/2023,Manchester United,West Ham,1,2,A
24/02/2023,Wolves,Aston Villa,3,2,H
29/03/2023,Manchester City,Liverpool,3,4,A
05/01/2023,Southampton,Wolves,2,4,A
05/04/2023,Norwich,Manchester United,4,0,H
29/08/2022,Southampton,Manchester United,5,3,H
20/09/2022,Wolves,Leicester,3,2,H
22/11/2022,Leeds,West Ham,3,5,A
12/10/2022,Crystal Palace,Watford,3,0,H
10/09/2022,Everton,Southampton,4,5,A
02/03/2023,Chelsea,Watford,4,2,H
30/08/2022,Norwich,Manchester City,0,3,A
04/11/2022,Arsenal,Brentford,1,3,A
16/03/2023,Manchester City,Everton,5,0,H
01/10/2022,Crystal Palace,Southampton,4,3,H
17/05/2023,Manchester City,Brighton,3,5,A
06/12/2022,Everton,Crystal Palace,0,0,D
22/05/2023,Aston Villa,Crystal Palace,4,2,H
18/09/2022,Manchester United,Brentford,3,5,A
28/04/2023,West Ham,Manchester City,0,0,D
11/01/2023,Chelsea,Wolves,5,1,H
05/02/2023,Everton,Crystal Palace,5,1,H
07/05/2023,Wolves,Brentford,4,3,H
15/04/2023,West Ham,Brighton,4,3,H
07/10/2022,Newcastle,Brighton,2,1,H
27/03/2023,Crystal Palace,Aston Villa,4,4,D
05/02/2023,Manchester United,Leeds,4,4,D
25/10/2022,Brighton,Aston Villa,4,5,A
28/03/2023,West Ham,Everton,0,3,A
18/12/2022,Newcastle,Brighton,0,3,A
11/02/2023,Everton,Southampton,5,1,H
03/04/2023,Leicester,Manchester United,1,2,A
17/03/2023,Liverpool,Wolves,2,3,A
07/11/2022,Everton,Brentford,2,0,H
08/09/2022,Watford,Liverpool,2,2,D
28/03/2023,Everton,Liverpool,0,1,A
06/02/2023,Manchester City,Everton,4,2,H
10/08/2022,Manchester United,Aston Villa,2,2,D
19/11/2022,Norwich,Newcastle,0,1,A
11/03/2023,Leicester,Norwich,3,0,H
09/01/2023,West Ham,Chelsea,1,3,A
10/05/2023,West Ham,Tottenham,0,0,D
22/01/2023,Manchester United,Liverpool,2,2,D
18/04/2023,Wolves,Arsenal,5,3,H
29/09/2022,Arsenal,Tottenham,5,4,H
29/09/2022,Arsenal,Leicester,3,0,H
07/03/2023,Arsenal,Liverpool,4,0,H
16/03/2023,West Ham,Wolves,3,1,H
19/01/2023,Aston Villa,Burnley,2,1,H
28/01/2023,Wolves,Southampton,0,5,A
19/02/2023,Everton,Wolves,5,4,H
02/01/2023,Brentford,Southampton,3,3,D
01/05/2023,Leeds,Burnley,2,0,H
31/08/2022,Leeds,Aston Villa,3,2,H
25/10/2022,Brentford,Burnley,5,0,H
21/03/2023,Norwich,Tottenham,3,0,H
06/08/2022,Newcastle,Chelsea,2,4,A
08/11/2022,Watford,Aston Villa,4,3,H
17/03/2023,Watford,Brighton,5,1,H
02/11/2022,Brighton,Newcastle,0,2,A
16/04/2023,Norwich,Brighton,1,1,D
24/08/2022,Chelsea,Tottenham,0,3,A
07/04/2023,Brighton,Brentford,4,0,H
24/03/2023,Norwich,Chelsea,4,1,H
01/09/2022,Wolves,West Ham,5,0,H
15/09/2022,West Ham,Arsenal,0,1,A
27/05/2023,West Ham,Crystal Palace,3,4,A
09/01/2023,Southampton,Crystal Palace,0,5,A
05/08/2022,Leeds,Brentford,4,2,H
20/04/2023,Chelsea,Manchester United,0,2,A
21/09/2022,Newcastle,Watford,4,1,H
26/12/2022,Liverpool,Southampton,4,1,H
11/01/2023,Manchester City,Burnley,5,0,H
20/10/2022,Brighton,Wolves,4,4,D
26/02/2023,Manchester City,Manchester United,2,0,H
06/08/2022,Tottenham,Leeds,4,1,H
18/09/2022,Burnley,Liverpool,2,2,D
11/12/2022,Brighton,Manchester United,3,0,H
02/10/2022,Southampton,Newcastle,0,4,A
22/03/2023,Everton,Watford,0,0,D
15/08/2022,Newcastle,Leeds,0,3,A
06/10/2022,Arsenal,Manchester United,2,5,A
11/01/2023,Manchester City,Arsenal,3,2,H
19/03/2023,Leicester,Chelsea,3,1,H
04/12/2022,Crystal Palace,Burnley,1,1,D
27/03/2023,Chelsea,Tottenham,0,1,A
24/12/2022,Southampton,Chelsea,1,5,A
21/08/2022,Leicester,Wolves,0,4,A
22/08/2022,Crystal Palace,Newcastle,4,2,H
28/08/2022,Manchester United,Brentford,4,5,A
05/11/2022,Burnley,Leeds,1,0,H
20/09/2022,Southampton,West Ham,3,4,A
08/12/2022,Chelsea,Crystal Palace,0,5,A
13/04/2023,Brighton,Watford,4,1,H
10/10/2022,Wolves,Liverpool,0,0,D
28/09/2022,Leeds,Chelsea,3,5,A
28/04/2023,Leicester,Burnley,4,2,H
26/09/2022,Watford,Chelsea,0,2,A
09/11/2022,Newcastle,Brighton,3,0,H
25/09/2022,Watford,Southampton,2,4,A
02/12/2022,Burnley,Manchester City,0,2,A
01/11/2022,Manchester City,Chelsea,3,5,A
27/10/2022,Everton,Burnley,5,3,H
14/03/2023,Newcastle,Everton,1,1,D
06/08/2022,Arsenal,Leicester,0,3,A
24/02/2023,Manchester United,Liverpool,1,5,A
27/08/2022,Aston Villa,Leeds,0,0,D
02/05/2023,Arsenal,Manchester City,2,1,H
23/05/2023,Brentford,West Ham,1,4,A
16/12/2022,Crystal Palace,Leeds,0,0,D
14/01/2023,Watford,Brentford,3,0,H
19/11/2022,Newcastle,West Ham,2,3,A
21/12/2022,Newcastle,Southampton,5,3,H
17/04/2023,Aston Villa,Everton,3,1,H
23/02/2023,Everton,Watford,1,1,D
17/09/2022,Burnley,Manchester City,4,3,H
02/10/2022,Manchester City,Leicester,5,5,D
08/05/2023,Leeds,Newcastle,0,0,D
17/08/2022,West Ham,Watford,4,2,H
09/03/2023,Wolves,Manchester City,3,0,H
05/04/2023,Burnley,Newcastle,0,0,D
13/03/2023,Brentford,West Ham,1,0,H
07/08/2022,Leeds,West Ham,5,2,H
29/04/2023,Crystal Palace,Liverpool,3,4,A
13/08/2022,West Ham,Chelsea,4,0,H
12/02/2023,Leicester,Brighton,5,4,H
08/12/2022,Watford,Leicester,1,2,A
30/04/2023,Tottenham,Chelsea,2,1,H
04/11/2022,Burnley,Arsenal,3,5,A
06/01/2023,Watford,Tottenham,2,2,D
08/12/2022,Southampton,Tottenham,2,1,H
10/08/2022,Leicester,Norwich,4,0,H
24/01/2023,Tottenham,Leeds,5,5,D
08/08/2022,Liverpool,Wolves,3,3,D
18/01/2023,Norwich,Aston Villa,2,0,H
31/03/2023,Newcastle,Leeds,1,5,A
22/02/2023,West Ham,Liverpool,4,1,H
10/09/2022,Leicester,Wolves,0,2,A
12/10/2022,Norwich,Manchester United,1,0,H
20/01/2023,Brighton,Aston Villa,3,5,A
16/02/2023,Newcastle,Crystal Palace,1,2,A
26/01/2023,Burnley,Southampton,4,0,H
04/02/2023,Leicester,Norwich,4,4,D
01/03/2023,Everton,Brentford,3,3,D
08/05/2023,Wolves,Southampton,5,3,H
22/05/2023,Liverpool,Wolves,5,2,H
13/09/2022,Burnley,Aston Villa,5,5,D
10/10/2022,Burnley,Manchester United,5,1,H
28/03/2023,Leeds,West Ham,5,4,H
23/03/2023,Burnley,Norwich,0,0,D
20/03/2023,Burnley,Liverpool,1,5,A
08/09/2022,Leeds,Leicester,3,4,A
16/03/2023,Brentford,Tottenham,3,1,H
22/08/2022,Manchester United,Aston Villa,2,2,D
25/10/2022,Brighton,Leeds,3,3,D
06/03/2023,Watford,Newcastle,0,4,A
28/12/2022,Wolves,Leicester,2,5,A
11/03/2023,Aston Villa,West Ham,0,5,A
06/10/2022,Southampton,Aston Villa,2,5,A
06/04/2023,Brentford,Leeds,0,0,D
25/03/2023,Newcastle,Southampton,5,3,H
10/08/2022,West Ham,Newcastle,3,4,A
11/03/2023,Leicester,Brighton,4,3,H
17/08/2022,Burnley,Southampton,0,2,A
30/04/2023,Wolves,West Ham,2,4,A
23/05/2023,Aston Villa,Leeds,4,4,D
14/03/2023,Brighton,Tottenham,5,3,H
01/01/2023,Everton,Liverpool,2,1,H
23/01/2023,Manchester City,Crystal Palace,5,0,H
04/05/2023,Liverpool,Brighton,4,4,D
06/01/2023,Southampton,Watford,2,5,A
17/01/2023,Leeds,Brentford,2,1,H
26/05/2023,Aston Villa,Arsenal,3,4,A
25/03/2023,Burnley,Brentford,4,3,H
15/03/2023,Manchester United,Burnley,1,1,D
04/11/2022,Leicester,Tottenham,3,4,A
08/09/2022,Arsenal,Newcastle,5,4,H
11/08/2022,Aston Villa,Wolves,4,2,H
13/02/2023,Manchester United,Leicester,4,4,D
29/09/2022,Newcastle,Brighton,2,5,A
16/08/2022,Manchester City,Southampton,5,3,H
21/04/2023,Burnley,West Ham,0,0,D
09/05/2023,Leeds,Manchester United,1,4,A
30/10/2022,Wolves,Burnley,1,0,H
15/12/2022,Crystal Palace,Manchester United,0,1,A
07/11/2022,Everton,Leeds,5,4,H
23/09/2022,Leeds,Watford,1,5,A
24/05/2023,Manchester City,Aston Villa,4,1,H
01/09/2022,Crystal Palace,Tottenham,2,3,A
30/11/2022,Leeds,West Ham,2,3,A
01/03/2023,Brentford,Crystal Palace,4,3,H
02/12/2022,Brighton,Newcastle,0,3,A
31/01/2023,Chelsea,Brentford,5,0,H
15/11/2022,Watford,Norwich,2,2,D
22/08/2022,Brentford,Manchester City,0,2,A
09/04/2023,Arsenal,Crystal Palace,4,0,H
07/11/2022,Arsenal,Tottenham,0,3,A
29/08/2022,Brighton,Norwich,2,1,H
13/08/2022,Wolves,Leeds,1,2,A
23/01/2023,Everton,Aston Villa,5,1,H
25/01/2023,Wolves,Arsenal,5,5,D
01/08/2022,Crystal Palace,Brighton,1,4,A
24/09/2022,West Ham,Watford,1,2,A
10/09/2022,Brentford,Burnley,4,3,H
13/03/2023,Burnley,Southampton,4,2,H
09/11/2022,Chelsea,Crystal Palace,1,2,A
09/02/2023,Manchester United,Leicester,0,5,A
31/10/2022,Leeds,Newcastle,3,5,A
21/12/2022,Brentford,Manchester City,4,1,H
01/01/2023,Newcastle,Tottenham,2,4,A
20/04/2023,Everton,Crystal Palace,0,1,A
12/05/2023,Norwich,Leicester,5,4,H
24/09/2022,Leicester,Watford,4,4,D
15/09/2022,Leeds,Brighton,0,2,A
09/04/2023,Liverpool,Newcastle,0,1,A
13/01/2023,Manchester United,Aston Villa,4,5,A
24/11/2022,Watford,Southampton,2,0,H
11/08/2022,Manchester United,Everton,2,0,H
22/05/2023,Aston Villa,Watford,5,3,H
18/01/2023,Chelsea,Crystal Palace,0,0,D
03/01/2023,Watford,Brentford,2,5,A
22/08/2022,Chelsea,Liverpool,5,2,H
27/12/2022,Brighton,Brentford,4,4,D
06/03/2023,Manchester City,Liverpool,1,4,A
07/10/2022,Chelsea,Watford,5,1,H
17/09/2022,Manchester City,Burnley,0,4,A
28/03/2023,Tottenham,Everton,5,1,H
12/10/2022,Wolves,Newcastle,0,4,A
02/02/2023,Brighton,Everton,5,0,H
02/09/2022,Aston Villa,Arsenal,4,3,H
15/03/2023,Tottenham,Norwich,0,4,A
26/04/2023,Brighton,Arsenal,2,1,H
31/10/2022,Norwich,Brentford,2,4,A
26/04/2023,Crystal Palace,Chelsea,2,2,D
28/10/2022,Chelsea,Leicester,1,3,A
16/03/2023,Manchester City,Crystal Palace,4,1,H
06/09/2022,Everton,Brentford,2,0,H
16/12/2022,West Ham,Brighton,2,3,A
16/10/2022,Crystal Palace,Everton,5,3,H
07/04/2023,Burnley,West Ham,3,4,A
08/01/2023,Burnley,Everton,0,5,A
18/08/2022,Liverpool,Manchester City,5,5,D
28/10/2022,Wolves,Everton,4,2,H
27/09/2022,Arsenal,Aston Villa,2,2,D
05/09/2022,Brentford,Watford,1,3,A
17/01/2023,Norwich,Wolves,2,3,A
19/10/2022,Southampton,Arsenal,5,1,H
23/08/2022,Liverpool,Watford,3,0,H
31/10/2022,Leicester,Norwich,4,1,H
26/01/2023,Southampton,Liverpool,0,2,A
02/03/2023,Leeds,Brighton,1,0,H
02/08/2022,Newcastle,Burnley,5,3,H
03/01/2023,Brighton,Watford,3,3,D
04/05/2023,Newcastle,Leeds,0,0,D
02/08/2022,Leicester,Liverpool,1,0,H
29/12/2022,Watford,Leicester,4,2,H
11/01/2023,Burnley,Chelsea,5,3,H
12/04/2023,Burnley,Newcastle,1,5,A
02/09/2022,Burnley,Manchester City,0,5,A
27/11/2022,Brentford,Norwich,5,1,H
24/08/2022,Southampton,Tottenham,0,5,A
23/09/2022,Wolves,Everton,2,1,H
18/01/2023,Liverpool,Leicester,4,0,H
13/03/2023,Wolves,Tottenham,4,0,H
23/11/2022,Liverpool,Tottenham,4,3,H
03/08/2022,Burnley,Watford,1,5,A
09/04/2023,Watford,Arsenal,2,1,H
12/12/2022,Wolves,Brighton,2,3,A
30/04/2023,Norwich,Manchester United,4,5,A
21/01/2023,Tottenham,Aston Villa,5,3,H
29/10/2022,Arsenal,Aston Villa,2,1,H
01/01/2023,Crystal Palace,Southampton,4,0,H
14/11/2022,Liverpool,Norwich,0,1,A
07/10/2022,Brighton,Leicester,0,2,A
28/12/2022,Southampton,Brighton,1,1,D
07/04/2023,Leeds,Brentford,2,2,D
30/04/2023,Newcastle,Leeds,2,2,D
28/11/2022,Tottenham,Crystal Palace,2,3,A
09/04/2023,Southampton,West Ham,4,0,H
18/01/2023,Brighton,Chelsea,3,2,H
23/04/2023,Leeds,Everton,0,5,A
21/10/2022,Everton,Norwich,3,5,A
15/09/2022,Chelsea,Leicester,1,5,A
28/08/2022,Chelsea,Leeds,5,5,D
15/10/2022,Newcastle,Manchester City,5,5,D
12/11/2022,Manchester City,Chelsea,2,4,A
08/05/2023,Brighton,Watford,2,4,A
17/01/2023,Wolves,Brighton,3,3,D
01/02/2023,Leeds,Manchester United,5,5,D
07/01/2023,Tottenham,Crystal Palace,2,1,H
12/01/2023,Newcastle,Norwich,0,1,A
01/12/2022,Chelsea,Tottenham,2,0,H
15/01/2023,Norwich,Chelsea,0,1,A
07/11/2022,Crystal Palace,Newcastle,2,2,D
27/12/2022,West Ham,Chelsea,5,3,H
05/05/2023,Everton,Leeds,2,0,H
28/12/2022,Crystal Palace,Chelsea,2,0,H
23/05/2023,Manchester United,Aston Villa,5,3,H
17/02/2023,Brighton,Southampton,2,5,A
14/10/2022,Norwich,Crystal Palace,0,0,D
10/09/2022,Crystal Palace,Chelsea,2,5,A
06/05/2023,Wolves,Leeds,0,4,A
05/11/2022,Southampton,Leeds,2,1,H
10/01/2023,Aston Villa,Brighton,4,1,H
11/10/2022,Everton,Newcastle,3,0,H
09/09/2022,Crystal Palace,Watford,2,0,H
06/01/2023,Manchester City,Chelsea,0,0,D
06/12/2022,Burnley,Manchester City,5,5,D
17/01/2023,Watford,Brighton,3,0,H
16/11/2022,Wolves,West Ham,1,4,A
28/02/2023,Brighton,Norwich,1,1,D
09/04/2023,West Ham,Southampton,5,1,H
20/05/2023,Leeds,Tottenham,3,0,H
01/01/2023,Norwich,Newcastle,2,2,D
14/08/2022,Watford,West Ham,3,5,A
10/03/2023,Chelsea,Newcastle,2,0,H
03/03/2023,Newcastle,Southampton,0,2,A
24/08/2022,Leeds,Everton,1,2,A
24/11/2022,Chelsea,Burnley,0,5,A
24/02/2023,Chelsea,Leeds,5,4,H
23/02/2023,Tottenham,Wolves,1,2,A
22/12/2022,Manchester City,Crystal Palace,1,0,H
13/04/2023,Brighton,West Ham,1,1,D
25/11/2022,West Ham,Norwich,0,1,A
12/10/2022,Southampton,Chelsea,5,2,H
27/03/2023,Burnley,Manchester City,2,1,H
17/02/2023,Burnley,Manchester City,2,0,H
25/02/2023,Crystal Palace,Arsenal,4,5,A
21/08/2022,Leicester,Crystal Palace,1,1,D
16/05/2023,Watford,Liverpool,2,3,A
23/12/2022,Norwich,Chelsea,5,1,H
20/01/2023,Leicester,Brighton,5,1,H
21/12/2022,Crystal Palace,Aston Villa,1,0,H
02/05/2023,Tottenham,Wolves,3,2,H
15/12/2022,Arsenal,Manchester City,4,4,D
12/03/2023,Aston Villa,West Ham,4,2,H
08/09/2022,Manchester City,Aston Villa,5,4,H
27/03/2023,Southampton,Norwich,5,4,H
03/02/2023,Arsenal,Southampton,4,1,H
20/04/2023,Manchester United,Aston Villa,0,1,A
30/04/2023,Chelsea,Liverpool,3,0,H
01/09/2022,Wolves,West Ham,0,1,A
29/03/2023,Crystal Palace,Manchester City,3,2,H
13/04/2023,Wolves,Manchester United,5,5,D
15/08/2022,Arsenal,Manchester United,3,4,A
15/04/2023,Arsenal,Manchester City,4,3,H
06/09/2022,Wolves,Manchester City,4,2,H
30/10/2022,Wolves,Chelsea,2,3,A
27/12/2022,Arsenal,Leeds,2,1,H
26/10/2022,Wolves,Newcastle,3,4,A
29/12/2022,Wolves,West Ham,0,1,A
07/03/2023,Wolves,Manchester City,5,5,D
08/12/2022,Brentford,Burnley,0,1,A
31/08/2022,Tottenham,Arsenal,1,1,D
17/08/2022,Leicester,Aston Villa,3,0,H
30/10/2022,Aston Villa,Tottenham,3,2,H
19/02/2023,West Ham,Leeds,4,0,H
30/08/2022,Leeds,Tottenham,4,4,D
12/12/2022,Crystal Palace,Leeds,2,4,A
25/04/2023,Tottenham,Manchester City,0,5,A
19/04/2023,Leicester,Everton,5,1,H
21/11/2022,Norwich,Southampton,3,1,H
07/02/2023,Newcastle,Manchester City,4,2,H
21/10/2022,Southampton,Burnley,3,0,H
03/04/2023,Southampton,West Ham,4,5,A
20/03/2023,Southampton,Crystal Palace,4,4,D
04/03/2023,Chelsea,Burnley,5,3,H
05/05/2023,West Ham,Everton,5,1,H
27/04/2023,Brighton,Brentford,2,3,A
10/11/2022,Southampton,Tottenham,3,5,A
15/08/2022,Liverpool,Crystal Palace,5,1,H
09/11/2022,Manchester United,Burnley,5,5,D
12/08/2022,Newcastle,Burnley,0,3,A
17/09/2022,Wolves,Leeds,4,2,H
28/11/2022,Brentford,Arsenal,4,2,H
16/03/2023,Leeds,Liverpool,3,2,H
18/11/2022,Everton,Crystal Palace,3,0,H
14/10/2022,Manchester City,Brighton,1,1,D
13/10/2022,Manchester City,Leicester,5,1,H
10/12/2022,Liverpool,Chelsea,5,0,H
29/04/2023,Manchester United,Manchester City,3,2,H
24/10/2022,Crystal Palace,Brentford,0,5,A
30/10/2022,Arsenal,Wolves,4,4,D
16/10/2022,Newcastle,Aston Villa,5,4,H
07/10/2022,Liverpool,Southampton,1,2,A
02/01/2023,Brentford,Arsenal,0,1,A
15/04/2023,Newcastle,Leeds,4,4,D
26/01/2023,Tottenham,Wolves,2,2,D
08/01/2023,Southampton,Norwich,1,5,A
19/12/2022,Manchester United,Norwich,2,3,A
11/11/2022,Brighton,West Ham,2,3,A
13/05/2023,Brighton,Liverpool,1,5,A
31/01/2023,Norwich,Chelsea,5,0,H
16/11/2022,Southampton,Norwich,3,0,H
19/03/2023,Aston Villa,Brighton,5,2,H
21/10/2022,Southampton,Wolves,4,3,H
05/11/2022,Brighton,Everton,3,2,H
15/02/2023,West Ham,Watford,4,3,H
26/04/2023,West Ham,Leeds,5,2,H
18/04/2023,Brentford,Crystal Palace,1,2,A
10/01/2023,Watford,Manchester United,1,2,A
06/02/2023,Brighton,Everton,5,3,H
26/12/2022,Norwich,Aston Villa,3,1,H
15/04/2023,Everton,Crystal Palace,2,5,A
17/10/2022,West Ham,Arsenal,1,1,D
27/11/2022,Manchester United,Burnley,2,5,A
13/11/2022,Manchester United,Tottenham,3,0,H
06/05/2023,Chelsea,Everton,2,1,H
05/10/2022,Brentford,Everton,0,0,D
13/04/2023,Liverpool,Newcastle,5,1,H
13/03/2023,Aston Villa,Everton,2,4,A
29/11/2022,Crystal Palace,Wolves,3,1,H
09/09/2022,Everton,Southampton,5,4,H
03/11/2022,Liverpool,Tottenham,3,0,H
19/08/2022,Wolves,Everton,3,2,H
10/01/2023,Arsenal,Norwich,2,4,A
07/02/2023,Aston Villa,Burnley,0,1,A
23/08/2022,Leicester,Aston Villa,0,2,A
31/10/2022,Brentford,Brighton,1,5,A
03/08/2022,Manchester United,West Ham,5,3,H
30/01/2023,Tottenham,Norwich,2,2,D
02/03/2023,Norwich,Arsenal,1,0,H
27/02/2023,Leicester,Leeds,5,5,D
25/05/2023,Leeds,Leicester,2,2,D
14/10/2022,Tottenham,Aston Villa,4,4,D
04/05/2023,Brentford,Watford,1,0,H
16/11/2022,West Ham,Leicester,3,3,D
16/08/2022,Wolves,Brentford,0,2,A
13/03/2023,Aston Villa,West Ham,1,4,A
10/02/2023,Southampton,Wolves,4,2,H
18/09/2022,Newcastle,Brentford,4,5,A
18/11/2022,Tottenham,Southampton,2,2,D
06/05/2023,Chelsea,Norwich,0,5,A
20/11/2022,Burnley,Watford,0,3,A
08/12/2022,Leeds,Crystal Palace,0,5,A
24/09/2022,Leeds,Crystal Palace,2,0,H
08/10/2022,Brighton,Aston Villa,1,5,A
27/01/2023,Brentford,Everton,0,4,A
25/05/2023,Tottenham,Wolves,2,0,H
27/03/2023,Liverpool,Chelsea,3,0,H
13/04/2023,Brentford,West Ham,2,3,A
07/09/2022,Manchester United,Crystal Palace,0,5,A
07/05/2023,Norwich,Tottenham,4,3,H
09/08/2022,Crystal Palace,Watford,1,2,A
05/04/2023,Norwich,Newcastle,1,2,A
12/09/2022,Wolves,Aston Villa,3,1,H
05/08/2022,Leicester,Burnley,1,1,D
13/01/2023,Liverpool,Tottenham,1,5,A
19/02/2023,Newcastle,West Ham,0,5,A
